{"8": [2528.976525615772, 8333.040241339671, 4602.602032677836, 3683.4217694275753, 10736.938061058057, 6637.768061828979, 4.665928205316233e-06, 0.00025188711027731, 7.962116015409433e-05], "9": [2528.976525615772, 8333.040241339671, 4336.640762529929, 3683.4217694275753, 10736.938061058057, 6391.367669665039, 4.665928205316233e-06, 0.00025188711027731, 8.468280174708504e-05], "10": [2315.3400289160504, 8333.040241339671, 4021.3657071620632, 3683.4217694275753, 10736.938061058057, 6026.510554178898, 4.665928205316233e-06, 0.00025188711027731, 8.164135739606749e-05], "11": [2315.3400289160504, 8333.040241339671, 3960.9704922260457, 3683.4217694275753, 10736.938061058057, 5851.017865920024, 4.665928205316233e-06, 0.00025188711027731, 7.530015533838525e-05], "12": [2315.3400289160504, 8333.040241339671, 3737.6028338233227, 3683.4217694275753, 10736.938061058057, 5565.390189632207, 4.665928205316233e-06, 0.00025188711027731, 7.083319800111053e-05], "13": [2315.3400289160504, 8333.040241339671, 3618.457608440947, 3683.4217694275753, 10736.938061058057, 5392.857535775634, 4.665928205316233e-06, 0.00025188711027731, 6.755265585371378e-05], "14": [2315.3400289160504, 6675.457498514707, 3494.9713197726883, 3683.4217694275753, 10736.938061058057, 5369.410628380889, 1.1444797313499496e-06, 0.00025188711027731, 6.402566164660507e-05], "15": [2078.8285577411357, 6675.457498514707, 3365.638952032178, 3349.258014516814, 10736.938061058057, 5210.712243727727, 1.1444797313499496e-06, 0.00025188711027731, 6.715938168255904e-05], "16": [2078.8285577411357, 6675.457498514707, 3303.194639519, 3349.258014516814, 10736.938061058057, 5077.182276720806, 1.1444797313499496e-06, 0.00025188711027731, 6.424864539260667e-05]}