{
    "8": [
        10551.666041344626,
        18006.386766025946,
        13817.653393534867,
        19526.75350818575,
        27752.238033251466,
        23540.185483974346,
        2.8493671753328046e-06,
        7.302111678986658e-06,
        5.3181535417012155e-06
    ],
    "9": [
        8431.991305123756,
        18006.386766025946,
        12708.683544615646,
        13628.629060891502,
        27198.28393332929,
        21428.95461515049,
        2.8493671753328046e-06,
        8.795653402153089e-06,
        5.883575275960223e-06
    ],
    "10": [
        8431.991305123756,
        18006.386766025946,
        12043.169421901699,
        13628.629060891502,
        27198.28393332929,
        20012.51591828843,
        2.8493671753328046e-06,
        8.795653402153089e-06,
        5.803864735847971e-06
    ],
    "11": [
        7339.434925878857,
        18006.386766025946,
        11502.827650096166,
        13628.629060891502,
        27198.28393332929,
        18814.964164657624,
        2.8493671753328046e-06,
        1.35703837341865e-05,
        6.217756423015801e-06
    ],
    "12": [
        7339.434925878857,
        18006.386766025946,
        11002.046071745868,
        12296.340268964856,
        27198.28393332929,
        17792.93640534173,
        2.8493671753328046e-06,
        1.35703837341865e-05,
        6.153351644529193e-06
    ],
    "13": [
        7339.434925878857,
        18006.386766025946,
        10625.183226093648,
        12296.340268964856,
        27198.28393332929,
        17030.266662823728,
        2.8493671753328046e-06,
        1.35703837341865e-05,
        6.0458185554135014e-06
    ],
    "14": [
        7339.434925878857,
        18006.386766025946,
        10362.383418314972,
        12296.340268964856,
        27198.28393332929,
        16385.803685574392,
        2.8493671753328046e-06,
        1.35703837341865e-05,
        5.8705776227778885e-06
    ],
    "15": [
        7339.434925878857,
        15714.698900497602,
        10234.231897373325,
        12296.340268964856,
        20860.488923528585,
        15823.363711182179,
        2.101625016876078e-06,
        1.35703837341865e-05,
        5.768263338182587e-06
    ],
    "16": [
        7339.434925878857,
        15714.698900497602,
        10105.054181421528,
        12296.340268964856,
        20860.488923528585,
        15411.733089167428,
        2.101625016876078e-06,
        1.35703837341865e-05,
        5.541145392634934e-06
    ]
}