{"8": [2528.9765201897612, 8333.040241337885, 4602.602016959439, 3683.4217656934406, 10736.938061058057, 6637.768051179184, 4.665928205318232e-06, 0.0002518871113581759, 7.962116095443189e-05], "9": [2528.9765201897612, 8333.040241337885, 4336.640748557957, 3683.4217656934406, 10736.938061058057, 6391.367660198555, 4.665928205318232e-06, 0.0002518871113581759, 8.4682802458497e-05], "10": [2315.3400289154115, 8333.040241337885, 4021.3656945868815, 3683.4217656934406, 10736.938061058057, 6026.510537506317, 4.665928205318232e-06, 0.0002518871113581759, 8.164135803634361e-05], "11": [2315.3400289154115, 8333.040241337885, 3960.970480862782, 3683.4217656934406, 10736.938061058057, 5851.0178487788535, 4.665928205318232e-06, 0.0002518871113581759, 7.530015563030461e-05], "12": [2315.3400289154115, 8333.040241337885, 3737.602820936348, 3683.4217656934406, 10736.938061058057, 5565.390172326111, 4.665928205318232e-06, 0.0002518871113581759, 7.0833198272664e-05], "13": [2315.3400289154115, 8333.040241337885, 3618.457596545248, 3683.4217656934406, 10736.938061058057, 5392.857519800775, 4.665928205318232e-06, 0.0002518871113581759, 6.755265610437936e-05], "14": [2315.3400289154115, 6675.457498506232, 3494.971308725984, 3683.4217656934406, 10736.938061058057, 5369.410613547092, 1.144479731352856e-06, 0.0002518871113581759, 6.402566187936873e-05], "15": [2078.828557741123, 6675.457498506232, 3365.638941721915, 3349.258014516814, 10736.938061058057, 5210.712229882849, 1.144479731352856e-06, 0.0002518871113581759, 6.715938189980579e-05], "16": [2078.828557741123, 6675.457498506232, 3303.194629853123, 3349.258014516814, 10736.938061058057, 5077.182263741233, 1.144479731352856e-06, 0.0002518871113581759, 6.424864559627559e-05]}